image_id,filename,filepath,valid,width,height,format,file_size_kb,error,blur_score,blur_status,duplicate_group,keep_image,hash_distance,brightness,contrast,exposure_status,selected_for_colmap
1,frame_000000.jpg,data\extracted_frames\shoe\frame_000000.jpg,True,1920,1080,JPEG,364.4,,28.13,kept,0,True,0,147.43,42.51,normal,True
2,frame_000001.jpg,data\extracted_frames\shoe\frame_000001.jpg,True,1920,1080,JPEG,437.67,,32.61,kept,0,False,0,147.48,42.43,normal,False
3,frame_000002.jpg,data\extracted_frames\shoe\frame_000002.jpg,True,1920,1080,JPEG,449.32,,37.15,kept,1,True,6,147.41,42.53,normal,True
4,frame_000003.jpg,data\extracted_frames\shoe\frame_000003.jpg,True,1920,1080,JPEG,393.58,,26.66,kept,1,False,2,147.13,42.33,normal,False
5,frame_000004.jpg,data\extracted_frames\shoe\frame_000004.jpg,True,1920,1080,JPEG,433.88,,30.17,kept,2,True,6,146.97,42.19,normal,True
6,frame_000005.jpg,data\extracted_frames\shoe\frame_000005.jpg,True,1920,1080,JPEG,434.46,,30.56,kept,3,True,8,146.75,42.15,normal,True
7,frame_000006.jpg,data\extracted_frames\shoe\frame_000006.jpg,True,1920,1080,JPEG,381.7,,26.85,kept,4,True,14,145.69,43.17,normal,True
8,frame_000007.jpg,data\extracted_frames\shoe\frame_000007.jpg,True,1920,1080,JPEG,414.29,,27.95,kept,5,True,14,143.91,43.76,normal,True
9,frame_000008.jpg,data\extracted_frames\shoe\frame_000008.jpg,True,1920,1080,JPEG,411.81,,24.91,rejected,6,True,16,143.63,42.84,normal,False
10,frame_000009.jpg,data\extracted_frames\shoe\frame_000009.jpg,True,1920,1080,JPEG,381.71,,21.6,rejected,7,True,14,143.21,41.42,normal,False
11,frame_000010.jpg,data\extracted_frames\shoe\frame_000010.jpg,True,1920,1080,JPEG,407.09,,22.71,rejected,7,False,2,144.62,40.25,normal,False
12,frame_000011.jpg,data\extracted_frames\shoe\frame_000011.jpg,True,1920,1080,JPEG,399.31,,23.09,rejected,7,False,2,146.4,39.62,normal,False
13,frame_000012.jpg,data\extracted_frames\shoe\frame_000012.jpg,True,1920,1080,JPEG,382.56,,22.04,rejected,7,False,2,146.71,39.88,normal,False
14,frame_000013.jpg,data\extracted_frames\shoe\frame_000013.jpg,True,1920,1080,JPEG,383.73,,20.32,rejected,8,True,10,144.54,41.73,normal,False
15,frame_000014.jpg,data\extracted_frames\shoe\frame_000014.jpg,True,1920,1080,JPEG,400.59,,20.13,rejected,9,True,10,144.08,41.84,normal,False
16,frame_000015.jpg,data\extracted_frames\shoe\frame_000015.jpg,True,1920,1080,JPEG,369.85,,18.17,rejected,10,True,6,144.56,41.36,normal,False
17,frame_000016.jpg,data\extracted_frames\shoe\frame_000016.jpg,True,1920,1080,JPEG,385.14,,20.37,rejected,10,False,4,146.37,41.63,normal,False
18,frame_000017.jpg,data\extracted_frames\shoe\frame_000017.jpg,True,1920,1080,JPEG,393.24,,19.41,rejected,11,True,12,147.9,41.31,normal,False
19,frame_000018.jpg,data\extracted_frames\shoe\frame_000018.jpg,True,1920,1080,JPEG,371.36,,17.44,rejected,12,True,10,150.8,40.41,normal,False
20,frame_000019.jpg,data\extracted_frames\shoe\frame_000019.jpg,True,1920,1080,JPEG,387.99,,18.45,rejected,13,True,6,151.9,40.24,normal,False
21,frame_000020.jpg,data\extracted_frames\shoe\frame_000020.jpg,True,1920,1080,JPEG,390.29,,18.72,rejected,13,False,4,152.05,42.07,normal,False
22,frame_000021.jpg,data\extracted_frames\shoe\frame_000021.jpg,True,1920,1080,JPEG,355.72,,15.26,rejected,14,True,12,152.89,44.48,normal,False
23,frame_000022.jpg,data\extracted_frames\shoe\frame_000022.jpg,True,1920,1080,JPEG,376.03,,17.15,rejected,15,True,8,154.51,44.93,normal,False
24,frame_000023.jpg,data\extracted_frames\shoe\frame_000023.jpg,True,1920,1080,JPEG,384.12,,19.08,rejected,16,True,8,155.5,41.74,normal,False
25,frame_000024.jpg,data\extracted_frames\shoe\frame_000024.jpg,True,1920,1080,JPEG,356.64,,16.79,rejected,17,True,10,157.7,40.73,normal,False
26,frame_000025.jpg,data\extracted_frames\shoe\frame_000025.jpg,True,1920,1080,JPEG,394.0,,21.93,rejected,18,True,14,159.46,38.9,normal,False
27,frame_000026.jpg,data\extracted_frames\shoe\frame_000026.jpg,True,1920,1080,JPEG,406.32,,21.83,rejected,19,True,10,160.46,36.88,normal,False
28,frame_000027.jpg,data\extracted_frames\shoe\frame_000027.jpg,True,1920,1080,JPEG,367.68,,17.55,rejected,20,True,16,160.34,36.01,normal,False
29,frame_000028.jpg,data\extracted_frames\shoe\frame_000028.jpg,True,1920,1080,JPEG,384.18,,20.32,rejected,21,True,12,160.44,36.85,normal,False
30,frame_000029.jpg,data\extracted_frames\shoe\frame_000029.jpg,True,1920,1080,JPEG,394.61,,21.55,rejected,22,True,12,158.58,35.71,normal,False
31,frame_000030.jpg,data\extracted_frames\shoe\frame_000030.jpg,True,1920,1080,JPEG,361.24,,18.65,rejected,23,True,12,155.36,34.1,normal,False
32,frame_000031.jpg,data\extracted_frames\shoe\frame_000031.jpg,True,1920,1080,JPEG,378.73,,18.89,rejected,24,True,10,151.98,31.88,normal,False
33,frame_000032.jpg,data\extracted_frames\shoe\frame_000032.jpg,True,1920,1080,JPEG,392.55,,24.83,rejected,24,False,4,150.6,31.79,normal,False
34,frame_000033.jpg,data\extracted_frames\shoe\frame_000033.jpg,True,1920,1080,JPEG,371.92,,25.61,kept,25,True,8,149.93,32.74,normal,True
35,frame_000034.jpg,data\extracted_frames\shoe\frame_000034.jpg,True,1920,1080,JPEG,376.15,,15.71,rejected,26,True,10,148.59,32.63,normal,False
36,frame_000035.jpg,data\extracted_frames\shoe\frame_000035.jpg,True,1920,1080,JPEG,374.63,,13.05,rejected,27,True,14,147.29,32.04,normal,False
37,frame_000036.jpg,data\extracted_frames\shoe\frame_000036.jpg,True,1920,1080,JPEG,359.02,,13.64,rejected,28,True,14,146.96,31.82,normal,False
38,frame_000037.jpg,data\extracted_frames\shoe\frame_000037.jpg,True,1920,1080,JPEG,353.14,,10.84,rejected,29,True,16,147.04,31.99,normal,False
39,frame_000038.jpg,data\extracted_frames\shoe\frame_000038.jpg,True,1920,1080,JPEG,377.96,,17.68,rejected,30,True,10,146.52,32.39,normal,False
40,frame_000039.jpg,data\extracted_frames\shoe\frame_000039.jpg,True,1920,1080,JPEG,364.09,,18.13,rejected,31,True,10,145.87,32.85,normal,False
41,frame_000040.jpg,data\extracted_frames\shoe\frame_000040.jpg,True,1920,1080,JPEG,385.49,,20.08,rejected,31,False,4,145.83,33.29,normal,False
42,frame_000041.jpg,data\extracted_frames\shoe\frame_000041.jpg,True,1920,1080,JPEG,391.37,,20.16,rejected,32,True,8,147.01,34.24,normal,False
43,frame_000042.jpg,data\extracted_frames\shoe\frame_000042.jpg,True,1920,1080,JPEG,368.94,,17.05,rejected,33,True,16,149.68,35.66,normal,False
44,frame_000043.jpg,data\extracted_frames\shoe\frame_000043.jpg,True,1920,1080,JPEG,390.86,,20.79,rejected,34,True,8,150.32,36.31,normal,False
45,frame_000044.jpg,data\extracted_frames\shoe\frame_000044.jpg,True,1920,1080,JPEG,372.08,,18.18,rejected,35,True,6,150.76,36.0,normal,False
46,frame_000045.jpg,data\extracted_frames\shoe\frame_000045.jpg,True,1920,1080,JPEG,338.98,,15.19,rejected,36,True,6,150.73,35.88,normal,False
47,frame_000046.jpg,data\extracted_frames\shoe\frame_000046.jpg,True,1920,1080,JPEG,363.0,,18.28,rejected,37,True,16,149.44,35.84,normal,False
48,frame_000047.jpg,data\extracted_frames\shoe\frame_000047.jpg,True,1920,1080,JPEG,378.51,,20.27,rejected,38,True,12,151.41,38.29,normal,False
49,frame_000048.jpg,data\extracted_frames\shoe\frame_000048.jpg,True,1920,1080,JPEG,348.76,,16.85,rejected,39,True,18,155.19,41.18,normal,False
50,frame_000049.jpg,data\extracted_frames\shoe\frame_000049.jpg,True,1920,1080,JPEG,381.51,,22.65,rejected,40,True,10,155.87,42.38,normal,False
51,frame_000050.jpg,data\extracted_frames\shoe\frame_000050.jpg,True,1920,1080,JPEG,377.39,,20.42,rejected,41,True,14,156.92,43.22,normal,False
52,frame_000051.jpg,data\extracted_frames\shoe\frame_000051.jpg,True,1920,1080,JPEG,354.08,,19.8,rejected,42,True,8,156.99,43.64,normal,False
53,frame_000052.jpg,data\extracted_frames\shoe\frame_000052.jpg,True,1920,1080,JPEG,374.25,,19.09,rejected,43,True,6,156.47,44.37,normal,False
54,frame_000053.jpg,data\extracted_frames\shoe\frame_000053.jpg,True,1920,1080,JPEG,363.09,,18.31,rejected,44,True,10,155.37,44.75,normal,False
55,frame_000054.jpg,data\extracted_frames\shoe\frame_000054.jpg,True,1920,1080,JPEG,346.87,,16.33,rejected,45,True,8,153.74,45.21,normal,False
56,frame_000055.jpg,data\extracted_frames\shoe\frame_000055.jpg,True,1920,1080,JPEG,371.78,,20.05,rejected,46,True,8,152.36,45.45,normal,False
57,frame_000056.jpg,data\extracted_frames\shoe\frame_000056.jpg,True,1920,1080,JPEG,391.68,,25.07,kept,46,False,4,151.33,45.05,normal,False
58,frame_000057.jpg,data\extracted_frames\shoe\frame_000057.jpg,True,1920,1080,JPEG,366.03,,22.84,rejected,47,True,6,150.72,44.21,normal,False
59,frame_000058.jpg,data\extracted_frames\shoe\frame_000058.jpg,True,1920,1080,JPEG,366.69,,19.45,rejected,48,True,6,150.99,43.17,normal,False
60,frame_000059.jpg,data\extracted_frames\shoe\frame_000059.jpg,True,1920,1080,JPEG,382.42,,22.19,rejected,49,True,6,152.73,41.93,normal,False
61,frame_000060.jpg,data\extracted_frames\shoe\frame_000060.jpg,True,1920,1080,JPEG,354.08,,17.5,rejected,50,True,12,155.27,41.72,normal,False
62,frame_000061.jpg,data\extracted_frames\shoe\frame_000061.jpg,True,1920,1080,JPEG,360.13,,14.72,rejected,51,True,6,160.45,41.42,normal,False
63,frame_000062.jpg,data\extracted_frames\shoe\frame_000062.jpg,True,1920,1080,JPEG,382.96,,18.95,rejected,51,False,2,162.83,41.61,normal,False
64,frame_000063.jpg,data\extracted_frames\shoe\frame_000063.jpg,True,1920,1080,JPEG,344.67,,16.15,rejected,52,True,12,164.19,42.42,normal,False
65,frame_000064.jpg,data\extracted_frames\shoe\frame_000064.jpg,True,1920,1080,JPEG,357.82,,13.97,rejected,53,True,8,165.88,42.0,normal,False
66,frame_000065.jpg,data\extracted_frames\shoe\frame_000065.jpg,True,1920,1080,JPEG,372.39,,17.14,rejected,54,True,12,164.81,42.47,normal,False
67,frame_000066.jpg,data\extracted_frames\shoe\frame_000066.jpg,True,1920,1080,JPEG,353.23,,18.63,rejected,55,True,8,165.75,43.22,normal,False
68,frame_000067.jpg,data\extracted_frames\shoe\frame_000067.jpg,True,1920,1080,JPEG,402.68,,25.74,kept,56,True,10,165.58,43.11,normal,True
69,frame_000068.jpg,data\extracted_frames\shoe\frame_000068.jpg,True,1920,1080,JPEG,373.48,,14.07,rejected,57,True,10,166.59,42.93,normal,False
70,frame_000069.jpg,data\extracted_frames\shoe\frame_000069.jpg,True,1920,1080,JPEG,328.24,,10.33,rejected,57,False,2,166.45,42.84,normal,False
71,frame_000070.jpg,data\extracted_frames\shoe\frame_000070.jpg,True,1920,1080,JPEG,414.91,,27.52,kept,58,True,8,166.25,43.03,normal,True
72,frame_000071.jpg,data\extracted_frames\shoe\frame_000071.jpg,True,1920,1080,JPEG,430.39,,28.73,kept,59,True,10,165.13,42.45,normal,True
73,frame_000072.jpg,data\extracted_frames\shoe\frame_000072.jpg,True,1920,1080,JPEG,341.09,,11.77,rejected,60,True,12,162.9,40.68,normal,False
74,frame_000073.jpg,data\extracted_frames\shoe\frame_000073.jpg,True,1920,1080,JPEG,325.98,,8.0,rejected,61,True,14,162.93,40.44,normal,False
75,frame_000074.jpg,data\extracted_frames\shoe\frame_000074.jpg,True,1920,1080,JPEG,368.73,,12.77,rejected,62,True,14,161.89,39.92,normal,False
76,frame_000075.jpg,data\extracted_frames\shoe\frame_000075.jpg,True,1920,1080,JPEG,375.86,,16.75,rejected,63,True,6,160.66,40.51,normal,False
77,frame_000076.jpg,data\extracted_frames\shoe\frame_000076.jpg,True,1920,1080,JPEG,373.19,,14.27,rejected,64,True,16,157.62,40.3,normal,False
78,frame_000077.jpg,data\extracted_frames\shoe\frame_000077.jpg,True,1920,1080,JPEG,376.18,,14.21,rejected,65,True,8,154.41,40.13,normal,False
79,frame_000078.jpg,data\extracted_frames\shoe\frame_000078.jpg,True,1920,1080,JPEG,384.4,,18.08,rejected,66,True,6,151.03,40.38,normal,False
80,frame_000079.jpg,data\extracted_frames\shoe\frame_000079.jpg,True,1920,1080,JPEG,379.51,,13.88,rejected,66,False,4,151.17,40.38,normal,False
81,frame_000080.jpg,data\extracted_frames\shoe\frame_000080.jpg,True,1920,1080,JPEG,401.23,,18.51,rejected,67,True,10,151.39,42.16,normal,False
82,frame_000081.jpg,data\extracted_frames\shoe\frame_000081.jpg,True,1920,1080,JPEG,416.9,,27.54,kept,68,True,8,151.57,43.59,normal,True
83,frame_000082.jpg,data\extracted_frames\shoe\frame_000082.jpg,True,1920,1080,JPEG,396.13,,20.48,rejected,68,False,4,152.55,45.0,normal,False
84,frame_000083.jpg,data\extracted_frames\shoe\frame_000083.jpg,True,1920,1080,JPEG,380.54,,15.5,rejected,69,True,12,152.78,45.15,normal,False
85,frame_000084.jpg,data\extracted_frames\shoe\frame_000084.jpg,True,1920,1080,JPEG,395.97,,22.48,rejected,70,True,8,153.13,45.24,normal,False
86,frame_000085.jpg,data\extracted_frames\shoe\frame_000085.jpg,True,1920,1080,JPEG,389.13,,19.79,rejected,71,True,6,155.66,46.59,normal,False
87,frame_000086.jpg,data\extracted_frames\shoe\frame_000086.jpg,True,1920,1080,JPEG,426.89,,36.49,kept,72,True,6,155.4,46.51,normal,True
88,frame_000087.jpg,data\extracted_frames\shoe\frame_000087.jpg,True,1920,1080,JPEG,440.67,,45.79,kept,72,False,2,155.91,46.66,normal,False
89,frame_000088.jpg,data\extracted_frames\shoe\frame_000088.jpg,True,1920,1080,JPEG,446.23,,39.4,kept,72,False,4,156.47,46.06,normal,False
90,frame_000089.jpg,data\extracted_frames\shoe\frame_000089.jpg,True,1920,1080,JPEG,453.47,,43.0,kept,72,False,2,157.35,46.21,normal,False
91,frame_000090.jpg,data\extracted_frames\shoe\frame_000090.jpg,True,1920,1080,JPEG,404.95,,26.23,kept,73,True,6,159.36,47.27,normal,True
92,frame_000091.jpg,data\extracted_frames\shoe\frame_000091.jpg,True,1920,1080,JPEG,441.9,,43.69,kept,73,False,0,159.87,47.9,normal,False
93,frame_000092.jpg,data\extracted_frames\shoe\frame_000092.jpg,True,1920,1080,JPEG,435.26,,36.44,kept,73,False,4,159.94,47.5,normal,False
94,frame_000093.jpg,data\extracted_frames\shoe\frame_000093.jpg,True,1920,1080,JPEG,438.12,,48.35,kept,74,True,10,160.83,47.87,normal,True
95,frame_000094.jpg,data\extracted_frames\shoe\frame_000094.jpg,True,1920,1080,JPEG,429.34,,41.99,kept,75,True,10,162.41,48.63,normal,True
96,frame_000095.jpg,data\extracted_frames\shoe\frame_000095.jpg,True,1920,1080,JPEG,395.42,,23.98,rejected,75,False,2,161.47,48.38,normal,False
97,frame_000096.jpg,data\extracted_frames\shoe\frame_000096.jpg,True,1920,1080,JPEG,382.97,,27.01,kept,76,True,14,159.88,48.16,normal,True
98,frame_000097.jpg,data\extracted_frames\shoe\frame_000097.jpg,True,1920,1080,JPEG,413.13,,33.52,kept,77,True,6,159.36,47.82,normal,True
99,frame_000098.jpg,data\extracted_frames\shoe\frame_000098.jpg,True,1920,1080,JPEG,448.34,,41.32,kept,78,True,6,160.02,46.89,normal,True
100,frame_000099.jpg,data\extracted_frames\shoe\frame_000099.jpg,True,1920,1080,JPEG,417.07,,39.04,kept,78,False,4,161.83,47.66,normal,False
101,frame_000100.jpg,data\extracted_frames\shoe\frame_000100.jpg,True,1920,1080,JPEG,405.44,,24.85,rejected,79,True,6,163.49,47.69,normal,False
102,frame_000101.jpg,data\extracted_frames\shoe\frame_000101.jpg,True,1920,1080,JPEG,436.42,,33.11,kept,80,True,6,164.83,47.1,normal,True
103,frame_000102.jpg,data\extracted_frames\shoe\frame_000102.jpg,True,1920,1080,JPEG,372.44,,22.75,rejected,81,True,6,165.51,46.5,normal,False
104,frame_000103.jpg,data\extracted_frames\shoe\frame_000103.jpg,True,1920,1080,JPEG,392.39,,25.56,kept,81,False,4,165.85,45.76,normal,False
105,frame_000104.jpg,data\extracted_frames\shoe\frame_000104.jpg,True,1920,1080,JPEG,382.93,,23.02,rejected,82,True,12,165.42,46.61,normal,False
106,frame_000105.jpg,data\extracted_frames\shoe\frame_000105.jpg,True,1920,1080,JPEG,370.64,,26.54,kept,83,True,12,165.67,47.13,normal,True
107,frame_000106.jpg,data\extracted_frames\shoe\frame_000106.jpg,True,1920,1080,JPEG,400.64,,33.3,kept,84,True,8,167.74,46.87,normal,True
108,frame_000107.jpg,data\extracted_frames\shoe\frame_000107.jpg,True,1920,1080,JPEG,380.99,,24.61,rejected,85,True,10,168.38,46.94,normal,False
109,frame_000108.jpg,data\extracted_frames\shoe\frame_000108.jpg,True,1920,1080,JPEG,359.69,,18.91,rejected,86,True,10,168.88,46.44,normal,False
110,frame_000109.jpg,data\extracted_frames\shoe\frame_000109.jpg,True,1920,1080,JPEG,389.65,,29.78,kept,87,True,12,168.91,45.62,normal,True
111,frame_000110.jpg,data\extracted_frames\shoe\frame_000110.jpg,True,1920,1080,JPEG,387.01,,25.72,kept,88,True,6,168.57,44.68,normal,True
112,frame_000111.jpg,data\extracted_frames\shoe\frame_000111.jpg,True,1920,1080,JPEG,359.9,,23.52,rejected,88,False,2,168.78,43.73,normal,False
113,frame_000112.jpg,data\extracted_frames\shoe\frame_000112.jpg,True,1920,1080,JPEG,377.08,,24.47,rejected,89,True,8,168.89,43.44,normal,False
114,frame_000113.jpg,data\extracted_frames\shoe\frame_000113.jpg,True,1920,1080,JPEG,382.9,,27.56,kept,90,True,8,168.65,43.55,normal,True
115,frame_000114.jpg,data\extracted_frames\shoe\frame_000114.jpg,True,1920,1080,JPEG,369.91,,24.49,rejected,91,True,6,169.19,43.31,normal,False
116,frame_000115.jpg,data\extracted_frames\shoe\frame_000115.jpg,True,1920,1080,JPEG,385.53,,25.1,kept,92,True,10,169.64,43.47,normal,True
117,frame_000116.jpg,data\extracted_frames\shoe\frame_000116.jpg,True,1920,1080,JPEG,401.53,,32.43,kept,93,True,10,168.85,44.69,normal,True
118,frame_000117.jpg,data\extracted_frames\shoe\frame_000117.jpg,True,1920,1080,JPEG,377.46,,38.13,kept,94,True,6,168.05,46.54,normal,True
119,frame_000118.jpg,data\extracted_frames\shoe\frame_000118.jpg,True,1920,1080,JPEG,377.83,,21.97,rejected,95,True,12,166.54,48.61,normal,False
120,frame_000119.jpg,data\extracted_frames\shoe\frame_000119.jpg,True,1920,1080,JPEG,428.55,,39.94,kept,96,True,10,165.21,49.59,normal,True
121,frame_000120.jpg,data\extracted_frames\shoe\frame_000120.jpg,True,1920,1080,JPEG,388.62,,37.43,kept,96,False,4,163.17,50.53,normal,False
122,frame_000121.jpg,data\extracted_frames\shoe\frame_000121.jpg,True,1920,1080,JPEG,368.19,,21.19,rejected,97,True,8,162.76,49.87,normal,False
123,frame_000122.jpg,data\extracted_frames\shoe\frame_000122.jpg,True,1920,1080,JPEG,418.28,,36.27,kept,98,True,8,161.86,50.47,normal,True
124,frame_000123.jpg,data\extracted_frames\shoe\frame_000123.jpg,True,1920,1080,JPEG,377.07,,28.58,kept,99,True,10,159.79,50.56,normal,True
125,frame_000124.jpg,data\extracted_frames\shoe\frame_000124.jpg,True,1920,1080,JPEG,413.01,,37.8,kept,99,False,4,159.02,49.32,normal,False
126,frame_000125.jpg,data\extracted_frames\shoe\frame_000125.jpg,True,1920,1080,JPEG,430.77,,37.63,kept,99,False,4,159.44,48.52,normal,False
127,frame_000126.jpg,data\extracted_frames\shoe\frame_000126.jpg,True,1920,1080,JPEG,377.28,,30.89,kept,99,False,4,159.01,48.54,normal,False
128,frame_000127.jpg,data\extracted_frames\shoe\frame_000127.jpg,True,1920,1080,JPEG,418.37,,42.24,kept,100,True,8,157.89,48.97,normal,True
129,frame_000128.jpg,data\extracted_frames\shoe\frame_000128.jpg,True,1920,1080,JPEG,406.59,,33.43,kept,101,True,8,157.54,49.13,normal,True
130,frame_000129.jpg,data\extracted_frames\shoe\frame_000129.jpg,True,1920,1080,JPEG,361.43,,29.12,kept,102,True,14,157.9,48.02,normal,True
131,frame_000130.jpg,data\extracted_frames\shoe\frame_000130.jpg,True,1920,1080,JPEG,389.36,,32.18,kept,103,True,8,159.63,47.97,normal,True
132,frame_000131.jpg,data\extracted_frames\shoe\frame_000131.jpg,True,1920,1080,JPEG,390.09,,34.46,kept,104,True,16,162.56,46.68,normal,True
133,frame_000132.jpg,data\extracted_frames\shoe\frame_000132.jpg,True,1920,1080,JPEG,363.31,,25.45,kept,105,True,8,163.65,46.91,normal,True
134,frame_000133.jpg,data\extracted_frames\shoe\frame_000133.jpg,True,1920,1080,JPEG,390.94,,34.15,kept,106,True,8,162.31,48.28,normal,True
135,frame_000134.jpg,data\extracted_frames\shoe\frame_000134.jpg,True,1920,1080,JPEG,397.72,,41.74,kept,107,True,6,162.05,49.33,normal,True
136,frame_000135.jpg,data\extracted_frames\shoe\frame_000135.jpg,True,1920,1080,JPEG,354.32,,20.1,rejected,108,True,6,162.42,48.6,normal,False
137,frame_000136.jpg,data\extracted_frames\shoe\frame_000136.jpg,True,1920,1080,JPEG,369.19,,20.77,rejected,108,False,4,161.84,48.01,normal,False
138,frame_000137.jpg,data\extracted_frames\shoe\frame_000137.jpg,True,1920,1080,JPEG,368.16,,20.58,rejected,109,True,10,161.74,48.58,normal,False
139,frame_000138.jpg,data\extracted_frames\shoe\frame_000138.jpg,True,1920,1080,JPEG,345.78,,21.21,rejected,110,True,12,160.46,49.89,normal,False
140,frame_000139.jpg,data\extracted_frames\shoe\frame_000139.jpg,True,1920,1080,JPEG,356.97,,19.47,rejected,111,True,6,160.82,51.31,normal,False
141,frame_000140.jpg,data\extracted_frames\shoe\frame_000140.jpg,True,1920,1080,JPEG,354.04,,16.75,rejected,111,False,4,161.21,50.34,normal,False
142,frame_000141.jpg,data\extracted_frames\shoe\frame_000141.jpg,True,1920,1080,JPEG,354.39,,22.29,rejected,112,True,8,162.52,47.5,normal,False
143,frame_000142.jpg,data\extracted_frames\shoe\frame_000142.jpg,True,1920,1080,JPEG,372.92,,23.21,rejected,112,False,4,162.95,45.86,normal,False
144,frame_000143.jpg,data\extracted_frames\shoe\frame_000143.jpg,True,1920,1080,JPEG,377.07,,22.55,rejected,113,True,6,162.85,44.4,normal,False
145,frame_000144.jpg,data\extracted_frames\shoe\frame_000144.jpg,True,1920,1080,JPEG,364.6,,22.88,rejected,114,True,8,162.25,43.09,normal,False
146,frame_000145.jpg,data\extracted_frames\shoe\frame_000145.jpg,True,1920,1080,JPEG,378.05,,22.04,rejected,114,False,4,162.58,42.35,normal,False
147,frame_000146.jpg,data\extracted_frames\shoe\frame_000146.jpg,True,1920,1080,JPEG,350.87,,15.66,rejected,115,True,10,164.7,40.55,normal,False
148,frame_000147.jpg,data\extracted_frames\shoe\frame_000147.jpg,True,1920,1080,JPEG,360.68,,21.68,rejected,116,True,12,166.0,40.23,normal,False
149,frame_000148.jpg,data\extracted_frames\shoe\frame_000148.jpg,True,1920,1080,JPEG,362.38,,18.86,rejected,116,False,4,165.85,40.19,normal,False
150,frame_000149.jpg,data\extracted_frames\shoe\frame_000149.jpg,True,1920,1080,JPEG,362.34,,20.11,rejected,117,True,8,166.35,39.84,normal,False
151,frame_000150.jpg,data\extracted_frames\shoe\frame_000150.jpg,True,1920,1080,JPEG,358.69,,18.62,rejected,118,True,8,166.24,39.62,normal,False
152,frame_000151.jpg,data\extracted_frames\shoe\frame_000151.jpg,True,1920,1080,JPEG,408.41,,37.58,kept,119,True,10,165.31,40.13,normal,True
153,frame_000152.jpg,data\extracted_frames\shoe\frame_000152.jpg,True,1920,1080,JPEG,409.37,,37.48,kept,120,True,6,165.27,40.71,normal,True
154,frame_000153.jpg,data\extracted_frames\shoe\frame_000153.jpg,True,1920,1080,JPEG,387.79,,40.94,kept,120,False,4,164.3,41.49,normal,False
155,frame_000154.jpg,data\extracted_frames\shoe\frame_000154.jpg,True,1920,1080,JPEG,402.13,,35.13,kept,121,True,6,164.32,41.8,normal,True
156,frame_000155.jpg,data\extracted_frames\shoe\frame_000155.jpg,True,1920,1080,JPEG,397.95,,31.88,kept,122,True,10,163.86,41.66,normal,True
157,frame_000156.jpg,data\extracted_frames\shoe\frame_000156.jpg,True,1920,1080,JPEG,381.73,,34.35,kept,122,False,4,162.72,41.24,normal,False
158,frame_000157.jpg,data\extracted_frames\shoe\frame_000157.jpg,True,1920,1080,JPEG,407.81,,38.74,kept,122,False,4,162.48,40.69,normal,False
159,frame_000158.jpg,data\extracted_frames\shoe\frame_000158.jpg,True,1920,1080,JPEG,391.96,,28.95,kept,123,True,10,162.48,39.88,normal,True
160,frame_000159.jpg,data\extracted_frames\shoe\frame_000159.jpg,True,1920,1080,JPEG,373.49,,21.41,rejected,123,False,4,161.8,39.34,normal,False
161,frame_000160.jpg,data\extracted_frames\shoe\frame_000160.jpg,True,1920,1080,JPEG,368.95,,17.46,rejected,124,True,8,161.19,37.29,normal,False
162,frame_000161.jpg,data\extracted_frames\shoe\frame_000161.jpg,True,1920,1080,JPEG,343.25,,10.77,rejected,125,True,6,161.16,34.4,normal,False
163,frame_000162.jpg,data\extracted_frames\shoe\frame_000162.jpg,True,1920,1080,JPEG,358.6,,16.29,rejected,126,True,8,159.43,33.01,normal,False
164,frame_000163.jpg,data\extracted_frames\shoe\frame_000163.jpg,True,1920,1080,JPEG,341.64,,12.03,rejected,127,True,8,157.49,32.17,normal,False
165,frame_000164.jpg,data\extracted_frames\shoe\frame_000164.jpg,True,1920,1080,JPEG,341.35,,12.18,rejected,128,True,14,155.02,32.97,normal,False
166,frame_000165.jpg,data\extracted_frames\shoe\frame_000165.jpg,True,1920,1080,JPEG,361.02,,16.78,rejected,129,True,12,152.5,33.25,normal,False
167,frame_000166.jpg,data\extracted_frames\shoe\frame_000166.jpg,True,1920,1080,JPEG,381.71,,21.18,rejected,130,True,8,152.43,33.27,normal,False
168,frame_000167.jpg,data\extracted_frames\shoe\frame_000167.jpg,True,1920,1080,JPEG,414.03,,32.45,kept,131,True,8,152.66,33.75,normal,True
169,frame_000168.jpg,data\extracted_frames\shoe\frame_000168.jpg,True,1920,1080,JPEG,381.67,,32.72,kept,132,True,8,152.41,34.3,normal,True
170,frame_000169.jpg,data\extracted_frames\shoe\frame_000169.jpg,True,1920,1080,JPEG,413.04,,31.29,kept,133,True,8,153.05,34.12,normal,True
171,frame_000170.jpg,data\extracted_frames\shoe\frame_000170.jpg,True,1920,1080,JPEG,416.98,,31.96,kept,134,True,6,153.87,34.28,normal,True
172,frame_000171.jpg,data\extracted_frames\shoe\frame_000171.jpg,True,1920,1080,JPEG,371.19,,27.55,kept,135,True,6,154.93,34.04,normal,True
173,frame_000172.jpg,data\extracted_frames\shoe\frame_000172.jpg,True,1920,1080,JPEG,393.48,,27.82,kept,136,True,10,156.0,33.84,normal,True
174,frame_000173.jpg,data\extracted_frames\shoe\frame_000173.jpg,True,1920,1080,JPEG,416.98,,37.19,kept,136,False,4,157.09,33.83,normal,False
175,frame_000174.jpg,data\extracted_frames\shoe\frame_000174.jpg,True,1920,1080,JPEG,335.61,,14.16,rejected,137,True,16,159.18,33.61,normal,False
176,frame_000175.jpg,data\extracted_frames\shoe\frame_000175.jpg,True,1920,1080,JPEG,346.84,,15.23,rejected,138,True,10,160.92,34.63,normal,False
177,frame_000176.jpg,data\extracted_frames\shoe\frame_000176.jpg,True,1920,1080,JPEG,348.58,,13.05,rejected,139,True,10,161.7,35.26,normal,False
178,frame_000177.jpg,data\extracted_frames\shoe\frame_000177.jpg,True,1920,1080,JPEG,309.31,,10.68,rejected,140,True,14,160.82,35.26,normal,False
179,frame_000178.jpg,data\extracted_frames\shoe\frame_000178.jpg,True,1920,1080,JPEG,337.55,,12.14,rejected,141,True,18,160.63,35.87,normal,False
180,frame_000179.jpg,data\extracted_frames\shoe\frame_000179.jpg,True,1920,1080,JPEG,356.08,,14.3,rejected,141,False,4,159.84,36.76,normal,False
181,frame_000180.jpg,data\extracted_frames\shoe\frame_000180.jpg,True,1920,1080,JPEG,320.18,,11.17,rejected,142,True,8,159.43,37.58,normal,False
182,frame_000181.jpg,data\extracted_frames\shoe\frame_000181.jpg,True,1920,1080,JPEG,349.45,,14.32,rejected,143,True,8,160.18,39.2,normal,False
183,frame_000182.jpg,data\extracted_frames\shoe\frame_000182.jpg,True,1920,1080,JPEG,351.28,,14.26,rejected,143,False,4,160.5,39.66,normal,False
184,frame_000183.jpg,data\extracted_frames\shoe\frame_000183.jpg,True,1920,1080,JPEG,340.56,,14.75,rejected,144,True,12,161.6,40.39,normal,False
185,frame_000184.jpg,data\extracted_frames\shoe\frame_000184.jpg,True,1920,1080,JPEG,372.23,,17.22,rejected,145,True,8,163.76,40.53,normal,False
186,frame_000185.jpg,data\extracted_frames\shoe\frame_000185.jpg,True,1920,1080,JPEG,382.8,,18.42,rejected,146,True,6,166.02,41.26,normal,False
187,frame_000186.jpg,data\extracted_frames\shoe\frame_000186.jpg,True,1920,1080,JPEG,349.29,,16.5,rejected,147,True,6,166.95,41.27,normal,False
188,frame_000187.jpg,data\extracted_frames\shoe\frame_000187.jpg,True,1920,1080,JPEG,371.43,,17.46,rejected,148,True,6,167.38,41.54,normal,False
189,frame_000188.jpg,data\extracted_frames\shoe\frame_000188.jpg,True,1920,1080,JPEG,373.06,,16.95,rejected,149,True,12,168.89,42.15,normal,False
190,frame_000189.jpg,data\extracted_frames\shoe\frame_000189.jpg,True,1920,1080,JPEG,343.82,,14.59,rejected,149,False,4,168.47,43.93,normal,False
191,frame_000190.jpg,data\extracted_frames\shoe\frame_000190.jpg,True,1920,1080,JPEG,331.86,,10.65,rejected,149,False,4,167.88,44.86,normal,False
192,frame_000191.jpg,data\extracted_frames\shoe\frame_000191.jpg,True,1920,1080,JPEG,360.08,,15.08,rejected,150,True,10,166.7,45.65,normal,False
193,frame_000192.jpg,data\extracted_frames\shoe\frame_000192.jpg,True,1920,1080,JPEG,324.12,,13.01,rejected,151,True,8,162.69,46.2,normal,False
194,frame_000193.jpg,data\extracted_frames\shoe\frame_000193.jpg,True,1920,1080,JPEG,341.22,,14.79,rejected,152,True,8,162.4,48.22,normal,False
195,frame_000194.jpg,data\extracted_frames\shoe\frame_000194.jpg,True,1920,1080,JPEG,325.01,,9.65,rejected,153,True,18,160.14,47.4,normal,False
196,frame_000195.jpg,data\extracted_frames\shoe\frame_000195.jpg,True,1920,1080,JPEG,351.81,,20.8,rejected,154,True,20,158.78,47.29,normal,False
197,frame_000196.jpg,data\extracted_frames\shoe\frame_000196.jpg,True,1920,1080,JPEG,428.49,,39.42,kept,155,True,8,158.34,46.98,normal,True
198,frame_000197.jpg,data\extracted_frames\shoe\frame_000197.jpg,True,1920,1080,JPEG,448.15,,52.68,kept,156,True,8,160.09,46.71,normal,True
199,frame_000198.jpg,data\extracted_frames\shoe\frame_000198.jpg,True,1920,1080,JPEG,389.12,,42.14,kept,156,False,2,161.02,46.54,normal,False
200,frame_000199.jpg,data\extracted_frames\shoe\frame_000199.jpg,True,1920,1080,JPEG,451.53,,54.13,kept,156,False,4,161.11,46.48,normal,False
201,frame_000200.jpg,data\extracted_frames\shoe\frame_000200.jpg,True,1920,1080,JPEG,457.35,,49.06,kept,157,True,6,160.98,46.8,normal,True
202,frame_000201.jpg,data\extracted_frames\shoe\frame_000201.jpg,True,1920,1080,JPEG,368.98,,30.24,kept,157,False,4,160.08,47.3,normal,False
203,frame_000202.jpg,data\extracted_frames\shoe\frame_000202.jpg,True,1920,1080,JPEG,443.25,,48.39,kept,158,True,12,159.1,47.84,normal,True
204,frame_000203.jpg,data\extracted_frames\shoe\frame_000203.jpg,True,1920,1080,JPEG,463.74,,51.88,kept,159,True,6,158.95,47.77,normal,True
205,frame_000204.jpg,data\extracted_frames\shoe\frame_000204.jpg,True,1920,1080,JPEG,397.46,,33.65,kept,159,False,0,159.84,47.76,normal,False
206,frame_000205.jpg,data\extracted_frames\shoe\frame_000205.jpg,True,1920,1080,JPEG,459.23,,51.75,kept,159,False,2,159.94,47.98,normal,False
207,frame_000206.jpg,data\extracted_frames\shoe\frame_000206.jpg,True,1920,1080,JPEG,457.4,,50.84,kept,160,True,6,159.58,48.3,normal,True
208,frame_000207.jpg,data\extracted_frames\shoe\frame_000207.jpg,True,1920,1080,JPEG,394.28,,36.7,kept,160,False,4,160.11,48.15,normal,False
209,frame_000208.jpg,data\extracted_frames\shoe\frame_000208.jpg,True,1920,1080,JPEG,456.17,,51.17,kept,160,False,2,160.25,47.87,normal,False
210,frame_000209.jpg,data\extracted_frames\shoe\frame_000209.jpg,True,1920,1080,JPEG,459.17,,50.27,kept,161,True,6,160.36,48.12,normal,True
211,frame_000210.jpg,data\extracted_frames\shoe\frame_000210.jpg,True,1920,1080,JPEG,405.69,,37.48,kept,162,True,10,160.07,48.5,normal,True
212,frame_000211.jpg,data\extracted_frames\shoe\frame_000211.jpg,True,1920,1080,JPEG,456.08,,53.95,kept,163,True,6,160.24,48.98,normal,True
213,frame_000212.jpg,data\extracted_frames\shoe\frame_000212.jpg,True,1920,1080,JPEG,468.6,,59.04,kept,164,True,8,160.07,49.2,normal,True
214,frame_000213.jpg,data\extracted_frames\shoe\frame_000213.jpg,True,1920,1080,JPEG,400.3,,43.3,kept,165,True,12,159.99,49.21,normal,True
215,frame_000214.jpg,data\extracted_frames\shoe\frame_000214.jpg,True,1920,1080,JPEG,431.86,,38.16,kept,166,True,14,160.21,49.38,normal,True
216,frame_000215.jpg,data\extracted_frames\shoe\frame_000215.jpg,True,1920,1080,JPEG,401.64,,29.36,kept,167,True,18,160.53,50.41,normal,True
217,frame_000216.jpg,data\extracted_frames\shoe\frame_000216.jpg,True,1920,1080,JPEG,334.88,,22.24,rejected,168,True,16,160.81,50.82,normal,False
218,frame_000217.jpg,data\extracted_frames\shoe\frame_000217.jpg,True,1920,1080,JPEG,374.64,,22.15,rejected,169,True,24,158.94,49.86,normal,False
219,frame_000218.jpg,data\extracted_frames\shoe\frame_000218.jpg,True,1920,1080,JPEG,410.54,,26.97,kept,170,True,12,157.37,49.02,normal,True
220,frame_000219.jpg,data\extracted_frames\shoe\frame_000219.jpg,True,1920,1080,JPEG,368.76,,30.15,kept,171,True,18,157.07,47.96,normal,True
221,frame_000220.jpg,data\extracted_frames\shoe\frame_000220.jpg,True,1920,1080,JPEG,439.06,,40.56,kept,171,False,4,156.21,47.03,normal,False
222,frame_000221.jpg,data\extracted_frames\shoe\frame_000221.jpg,True,1920,1080,JPEG,401.81,,24.29,rejected,172,True,10,156.84,46.49,normal,False
223,frame_000222.jpg,data\extracted_frames\shoe\frame_000222.jpg,True,1920,1080,JPEG,364.61,,27.7,kept,172,False,4,158.32,45.54,normal,False
224,frame_000223.jpg,data\extracted_frames\shoe\frame_000223.jpg,True,1920,1080,JPEG,354.96,,14.86,rejected,173,True,10,159.0,44.18,normal,False
225,frame_000224.jpg,data\extracted_frames\shoe\frame_000224.jpg,True,1920,1080,JPEG,411.13,,34.6,kept,174,True,8,160.64,43.32,normal,True
226,frame_000225.jpg,data\extracted_frames\shoe\frame_000225.jpg,True,1920,1080,JPEG,363.36,,26.16,kept,175,True,12,159.02,41.24,normal,True
227,frame_000226.jpg,data\extracted_frames\shoe\frame_000226.jpg,True,1920,1080,JPEG,310.69,,12.67,rejected,176,True,26,152.51,38.89,normal,False
228,frame_000227.jpg,data\extracted_frames\shoe\frame_000227.jpg,True,1920,1080,JPEG,353.39,,17.49,rejected,177,True,14,148.71,36.56,normal,False
229,frame_000228.jpg,data\extracted_frames\shoe\frame_000228.jpg,True,1920,1080,JPEG,321.46,,15.05,rejected,178,True,18,152.91,32.47,normal,False
230,frame_000229.jpg,data\extracted_frames\shoe\frame_000229.jpg,True,1920,1080,JPEG,350.46,,16.98,rejected,179,True,12,156.83,31.74,normal,False
231,frame_000230.jpg,data\extracted_frames\shoe\frame_000230.jpg,True,1920,1080,JPEG,370.32,,19.5,rejected,180,True,14,160.47,31.51,normal,False
232,frame_000231.jpg,data\extracted_frames\shoe\frame_000231.jpg,True,1920,1080,JPEG,333.09,,17.28,rejected,180,False,4,163.36,31.46,normal,False
233,frame_000232.jpg,data\extracted_frames\shoe\frame_000232.jpg,True,1920,1080,JPEG,328.53,,14.82,rejected,181,True,16,166.57,33.9,normal,False
234,frame_000233.jpg,data\extracted_frames\shoe\frame_000233.jpg,True,1920,1080,JPEG,350.7,,20.2,rejected,182,True,14,170.13,36.02,normal,False
235,frame_000234.jpg,data\extracted_frames\shoe\frame_000234.jpg,True,1920,1080,JPEG,344.79,,22.35,rejected,183,True,8,171.63,36.9,normal,False
236,frame_000235.jpg,data\extracted_frames\shoe\frame_000235.jpg,True,1920,1080,JPEG,369.26,,26.47,kept,184,True,8,171.85,37.22,normal,True
237,frame_000236.jpg,data\extracted_frames\shoe\frame_000236.jpg,True,1920,1080,JPEG,366.6,,21.96,rejected,185,True,18,171.22,36.42,normal,False
238,frame_000237.jpg,data\extracted_frames\shoe\frame_000237.jpg,True,1920,1080,JPEG,316.58,,15.49,rejected,186,True,8,171.07,35.67,normal,False
239,frame_000238.jpg,data\extracted_frames\shoe\frame_000238.jpg,True,1920,1080,JPEG,366.07,,24.31,rejected,187,True,10,169.01,37.29,normal,False
240,frame_000239.jpg,data\extracted_frames\shoe\frame_000239.jpg,True,1920,1080,JPEG,379.69,,28.46,kept,188,True,16,166.23,37.84,normal,True
241,frame_000240.jpg,data\extracted_frames\shoe\frame_000240.jpg,True,1920,1080,JPEG,335.94,,26.32,kept,189,True,12,159.87,37.2,normal,True
242,frame_000241.jpg,data\extracted_frames\shoe\frame_000241.jpg,True,1920,1080,JPEG,384.2,,31.11,kept,190,True,24,153.84,34.6,normal,True
243,frame_000242.jpg,data\extracted_frames\shoe\frame_000242.jpg,True,1920,1080,JPEG,366.77,,23.2,rejected,191,True,18,150.38,32.57,normal,False
244,frame_000243.jpg,data\extracted_frames\shoe\frame_000243.jpg,True,1920,1080,JPEG,328.4,,23.36,rejected,192,True,10,146.84,33.99,normal,False
245,frame_000244.jpg,data\extracted_frames\shoe\frame_000244.jpg,True,1920,1080,JPEG,383.46,,27.3,kept,193,True,10,148.8,38.93,normal,True
246,frame_000245.jpg,data\extracted_frames\shoe\frame_000245.jpg,True,1920,1080,JPEG,349.63,,16.3,rejected,194,True,14,151.97,43.12,normal,False
247,frame_000246.jpg,data\extracted_frames\shoe\frame_000246.jpg,True,1920,1080,JPEG,336.11,,19.91,rejected,195,True,10,154.72,44.07,normal,False
248,frame_000247.jpg,data\extracted_frames\shoe\frame_000247.jpg,True,1920,1080,JPEG,344.67,,16.72,rejected,196,True,8,154.36,43.84,normal,False
249,frame_000248.jpg,data\extracted_frames\shoe\frame_000248.jpg,True,1920,1080,JPEG,371.54,,22.36,rejected,197,True,12,153.59,42.92,normal,False
250,frame_000249.jpg,data\extracted_frames\shoe\frame_000249.jpg,True,1920,1080,JPEG,346.63,,18.23,rejected,198,True,20,152.97,42.31,normal,False
251,frame_000250.jpg,data\extracted_frames\shoe\frame_000250.jpg,True,1920,1080,JPEG,341.4,,14.07,rejected,199,True,10,153.32,43.22,normal,False
252,frame_000251.jpg,data\extracted_frames\shoe\frame_000251.jpg,True,1920,1080,JPEG,334.0,,12.54,rejected,200,True,10,153.84,43.87,normal,False
253,frame_000252.jpg,data\extracted_frames\shoe\frame_000252.jpg,True,1920,1080,JPEG,334.3,,16.44,rejected,201,True,6,152.91,43.89,normal,False
254,frame_000253.jpg,data\extracted_frames\shoe\frame_000253.jpg,True,1920,1080,JPEG,367.34,,17.71,rejected,202,True,8,152.22,43.96,normal,False
255,frame_000254.jpg,data\extracted_frames\shoe\frame_000254.jpg,True,1920,1080,JPEG,393.65,,28.19,kept,203,True,10,151.6,43.61,normal,True
256,frame_000255.jpg,data\extracted_frames\shoe\frame_000255.jpg,True,1920,1080,JPEG,356.75,,34.0,kept,204,True,8,149.55,44.45,normal,True
257,frame_000256.jpg,data\extracted_frames\shoe\frame_000256.jpg,True,1920,1080,JPEG,404.44,,31.38,kept,205,True,16,147.08,44.87,normal,True
258,frame_000257.jpg,data\extracted_frames\shoe\frame_000257.jpg,True,1920,1080,JPEG,439.22,,47.81,kept,206,True,10,147.08,44.81,normal,True
259,frame_000258.jpg,data\extracted_frames\shoe\frame_000258.jpg,True,1920,1080,JPEG,352.16,,24.81,rejected,207,True,12,146.53,44.68,normal,False
260,frame_000259.jpg,data\extracted_frames\shoe\frame_000259.jpg,True,1920,1080,JPEG,409.32,,40.52,kept,208,True,14,146.76,45.52,normal,True
261,frame_000260.jpg,data\extracted_frames\shoe\frame_000260.jpg,True,1920,1080,JPEG,418.08,,41.0,kept,209,True,12,146.02,46.19,normal,True
262,frame_000261.jpg,data\extracted_frames\shoe\frame_000261.jpg,True,1920,1080,JPEG,338.51,,24.12,rejected,210,True,8,148.26,48.22,normal,False
263,frame_000262.jpg,data\extracted_frames\shoe\frame_000262.jpg,True,1920,1080,JPEG,403.35,,42.36,kept,211,True,16,150.34,48.2,normal,True
264,frame_000263.jpg,data\extracted_frames\shoe\frame_000263.jpg,True,1920,1080,JPEG,407.5,,39.61,kept,212,True,12,153.35,48.55,normal,True
265,frame_000264.jpg,data\extracted_frames\shoe\frame_000264.jpg,True,1920,1080,JPEG,355.91,,30.48,kept,213,True,10,152.81,48.05,normal,True
266,frame_000265.jpg,data\extracted_frames\shoe\frame_000265.jpg,True,1920,1080,JPEG,398.22,,35.89,kept,214,True,10,149.67,47.19,normal,True
267,frame_000266.jpg,data\extracted_frames\shoe\frame_000266.jpg,True,1920,1080,JPEG,386.87,,34.8,kept,215,True,8,148.55,47.02,normal,True
268,frame_000267.jpg,data\extracted_frames\shoe\frame_000267.jpg,True,1920,1080,JPEG,354.5,,33.27,kept,216,True,6,147.92,46.99,normal,True
269,frame_000268.jpg,data\extracted_frames\shoe\frame_000268.jpg,True,1920,1080,JPEG,379.3,,29.86,kept,216,False,2,148.1,47.08,normal,False
270,frame_000269.jpg,data\extracted_frames\shoe\frame_000269.jpg,True,1920,1080,JPEG,389.71,,33.62,kept,216,False,4,148.93,46.13,normal,False
271,frame_000270.jpg,data\extracted_frames\shoe\frame_000270.jpg,True,1920,1080,JPEG,329.89,,18.97,rejected,217,True,10,150.74,44.63,normal,False
272,frame_000271.jpg,data\extracted_frames\shoe\frame_000271.jpg,True,1920,1080,JPEG,367.32,,23.37,rejected,218,True,10,153.75,42.77,normal,False
273,frame_000272.jpg,data\extracted_frames\shoe\frame_000272.jpg,True,1920,1080,JPEG,390.03,,28.84,kept,219,True,10,156.85,43.53,normal,True
274,frame_000273.jpg,data\extracted_frames\shoe\frame_000273.jpg,True,1920,1080,JPEG,339.11,,16.3,rejected,220,True,14,161.38,45.16,normal,False
275,frame_000274.jpg,data\extracted_frames\shoe\frame_000274.jpg,True,1920,1080,JPEG,376.9,,22.75,rejected,221,True,14,163.76,46.52,normal,False
276,frame_000275.jpg,data\extracted_frames\shoe\frame_000275.jpg,True,1920,1080,JPEG,369.85,,22.49,rejected,222,True,20,165.05,45.41,normal,False
277,frame_000276.jpg,data\extracted_frames\shoe\frame_000276.jpg,True,1920,1080,JPEG,337.05,,19.86,rejected,223,True,8,166.19,43.83,normal,False
278,frame_000277.jpg,data\extracted_frames\shoe\frame_000277.jpg,True,1920,1080,JPEG,369.22,,23.33,rejected,224,True,10,167.48,44.33,normal,False
279,frame_000278.jpg,data\extracted_frames\shoe\frame_000278.jpg,True,1920,1080,JPEG,382.12,,25.49,kept,225,True,6,167.94,44.0,normal,True
280,frame_000279.jpg,data\extracted_frames\shoe\frame_000279.jpg,True,1920,1080,JPEG,338.14,,17.99,rejected,226,True,6,168.35,42.39,normal,False
281,frame_000280.jpg,data\extracted_frames\shoe\frame_000280.jpg,True,1920,1080,JPEG,348.43,,20.18,rejected,227,True,8,166.78,42.95,normal,False
282,frame_000281.jpg,data\extracted_frames\shoe\frame_000281.jpg,True,1920,1080,JPEG,364.74,,19.65,rejected,228,True,10,166.64,43.52,normal,False
283,frame_000282.jpg,data\extracted_frames\shoe\frame_000282.jpg,True,1920,1080,JPEG,337.06,,17.46,rejected,229,True,16,165.07,44.28,normal,False
284,frame_000283.jpg,data\extracted_frames\shoe\frame_000283.jpg,True,1920,1080,JPEG,389.97,,24.89,rejected,230,True,10,160.13,46.03,normal,False
285,frame_000284.jpg,data\extracted_frames\shoe\frame_000284.jpg,True,1920,1080,JPEG,389.59,,21.45,rejected,231,True,8,157.91,46.03,normal,False
286,frame_000285.jpg,data\extracted_frames\shoe\frame_000285.jpg,True,1920,1080,JPEG,357.34,,19.4,rejected,232,True,10,156.87,45.36,normal,False
287,frame_000286.jpg,data\extracted_frames\shoe\frame_000286.jpg,True,1920,1080,JPEG,380.22,,21.17,rejected,233,True,10,156.93,44.12,normal,False
288,frame_000287.jpg,data\extracted_frames\shoe\frame_000287.jpg,True,1920,1080,JPEG,397.38,,23.2,rejected,234,True,12,155.23,43.7,normal,False
289,frame_000288.jpg,data\extracted_frames\shoe\frame_000288.jpg,True,1920,1080,JPEG,354.68,,21.42,rejected,235,True,8,154.43,43.15,normal,False
290,frame_000289.jpg,data\extracted_frames\shoe\frame_000289.jpg,True,1920,1080,JPEG,370.09,,21.96,rejected,236,True,16,154.15,43.08,normal,False
291,frame_000290.jpg,data\extracted_frames\shoe\frame_000290.jpg,True,1920,1080,JPEG,387.45,,20.58,rejected,237,True,18,153.02,43.51,normal,False
292,frame_000291.jpg,data\extracted_frames\shoe\frame_000291.jpg,True,1920,1080,JPEG,359.34,,22.93,rejected,238,True,8,151.57,43.58,normal,False
293,frame_000292.jpg,data\extracted_frames\shoe\frame_000292.jpg,True,1920,1080,JPEG,395.78,,30.29,kept,239,True,8,148.92,45.08,normal,True
294,frame_000293.jpg,data\extracted_frames\shoe\frame_000293.jpg,True,1920,1080,JPEG,408.52,,29.6,kept,240,True,8,149.17,46.28,normal,True
295,frame_000294.jpg,data\extracted_frames\shoe\frame_000294.jpg,True,1920,1080,JPEG,367.67,,23.19,rejected,240,False,4,150.13,46.76,normal,False
296,frame_000295.jpg,data\extracted_frames\shoe\frame_000295.jpg,True,1920,1080,JPEG,387.87,,28.06,kept,241,True,8,154.77,48.49,normal,True
297,frame_000296.jpg,data\extracted_frames\shoe\frame_000296.jpg,True,1920,1080,JPEG,409.07,,29.49,kept,242,True,12,155.31,49.97,normal,True
298,frame_000297.jpg,data\extracted_frames\shoe\frame_000297.jpg,True,1920,1080,JPEG,384.64,,41.1,kept,243,True,14,154.44,50.08,normal,True
299,frame_000298.jpg,data\extracted_frames\shoe\frame_000298.jpg,True,1920,1080,JPEG,398.67,,39.85,kept,244,True,18,150.72,49.77,normal,True
300,frame_000299.jpg,data\extracted_frames\shoe\frame_000299.jpg,True,1920,1080,JPEG,384.92,,27.29,kept,244,False,4,150.05,49.84,normal,False
301,frame_000300.jpg,data\extracted_frames\shoe\frame_000300.jpg,True,1920,1080,JPEG,374.22,,41.44,kept,245,True,16,148.59,49.58,normal,True
302,frame_000301.jpg,data\extracted_frames\shoe\frame_000301.jpg,True,1920,1080,JPEG,409.79,,33.8,kept,246,True,8,144.68,50.46,normal,True
303,frame_000302.jpg,data\extracted_frames\shoe\frame_000302.jpg,True,1920,1080,JPEG,434.06,,47.58,kept,246,False,4,143.98,50.43,normal,False
304,frame_000303.jpg,data\extracted_frames\shoe\frame_000303.jpg,True,1920,1080,JPEG,409.06,,50.98,kept,246,False,2,143.34,50.74,normal,False
305,frame_000304.jpg,data\extracted_frames\shoe\frame_000304.jpg,True,1920,1080,JPEG,435.64,,50.86,kept,247,True,6,141.59,51.21,normal,True
306,frame_000305.jpg,data\extracted_frames\shoe\frame_000305.jpg,True,1920,1080,JPEG,447.67,,55.14,kept,248,True,10,140.39,52.51,normal,True
307,frame_000306.jpg,data\extracted_frames\shoe\frame_000306.jpg,True,1920,1080,JPEG,409.26,,50.94,kept,248,False,2,139.58,52.82,normal,False
308,frame_000307.jpg,data\extracted_frames\shoe\frame_000307.jpg,True,1920,1080,JPEG,437.15,,51.89,kept,248,False,2,139.29,53.38,normal,False
309,frame_000308.jpg,data\extracted_frames\shoe\frame_000308.jpg,True,1920,1080,JPEG,443.31,,53.01,kept,249,True,6,138.96,53.48,normal,True
310,frame_000309.jpg,data\extracted_frames\shoe\frame_000309.jpg,True,1920,1080,JPEG,391.52,,41.03,kept,249,False,4,139.22,53.55,normal,False
